-- phpMyAdmin SQL Dump
-- version 4.0.10deb1
-- http://www.phpmyadmin.net
--
-- Host: localhost
-- Generation Time: Dec 28, 2016 at 07:29 PM
-- Server version: 5.5.50-0ubuntu0.14.04.1
-- PHP Version: 5.5.9-1ubuntu4.17

SET SQL_MODE = "NO_AUTO_VALUE_ON_ZERO";
SET time_zone = "+00:00";


/*!40101 SET @OLD_CHARACTER_SET_CLIENT=@@CHARACTER_SET_CLIENT */;
/*!40101 SET @OLD_CHARACTER_SET_RESULTS=@@CHARACTER_SET_RESULTS */;
/*!40101 SET @OLD_COLLATION_CONNECTION=@@COLLATION_CONNECTION */;
/*!40101 SET NAMES utf8 */;

--
-- Database: `M-K_SHOP`
--

-- --------------------------------------------------------

--
-- Table structure for table `Admin`
--

CREATE TABLE IF NOT EXISTS `Admin` (
  `id` int(11) NOT NULL AUTO_INCREMENT,
  `name` varchar(100) NOT NULL,
  `email` varchar(255) NOT NULL,
  `hashed_password` varchar(255) NOT NULL,
  PRIMARY KEY (`id`),
  UNIQUE KEY `email` (`email`)
) ENGINE=InnoDB  DEFAULT CHARSET=utf8 AUTO_INCREMENT=6 ;

--
-- Dumping data for table `Admin`
--

INSERT INTO `Admin` (`id`, `name`, `email`, `hashed_password`) VALUES
(1, '', 'admin1@admin.pl', '$2y$10$rqZKTBh37Nutx1Q2Rfsv7enV6CZkGdKO7Ry7E79PUqedahpObegiO'),
(2, 'Admin', 'admin@admin', '$2y$10$u2w3q9.yWVirbzN9WWD2jOBqi2EKxrrpnUQi69EQcy8kE/MM2fQuq'),
(3, 'Admin drugi', '', '$2y$10$s2XTQaHmrraqZWM1PrxviurdHb2Dyz.EBbyNXBHeeq5PB.8Uf.V3a'),
(5, 'Admin2', 'admin@wp.pl', '$2y$10$c8Oei4DTa/ifgo8/aGKaWeANR427pHm/C69yu6Sse8d2e0IPNNN9C');

-- --------------------------------------------------------

--
-- Table structure for table `Groups`
--

CREATE TABLE IF NOT EXISTS `Groups` (
  `id` int(11) NOT NULL AUTO_INCREMENT,
  `group_name` varchar(255) NOT NULL,
  PRIMARY KEY (`id`),
  UNIQUE KEY `id` (`id`)
) ENGINE=InnoDB  DEFAULT CHARSET=utf8 AUTO_INCREMENT=18 ;

--
-- Dumping data for table `Groups`
--

INSERT INTO `Groups` (`id`, `group_name`) VALUES
(8, 'Piłki'),
(10, 'Dyski SSD'),
(11, 'Dyski FDSH'),
(12, 'Monitory'),
(13, 'Płyty główne'),
(14, 'Komputery'),
(16, 'Karty Graficzne'),
(17, 'Telewizory');

-- --------------------------------------------------------

--
-- Table structure for table `Messages`
--

CREATE TABLE IF NOT EXISTS `Messages` (
  `id` int(11) NOT NULL AUTO_INCREMENT,
  `id_receiver` int(11) NOT NULL,
  `id_sender` int(11) NOT NULL,
  `text_message` text NOT NULL,
  `creation_date` timestamp NOT NULL DEFAULT CURRENT_TIMESTAMP ON UPDATE CURRENT_TIMESTAMP,
  PRIMARY KEY (`id`),
  KEY `id_sender` (`id_sender`),
  KEY `id_receiver` (`id_receiver`)
) ENGINE=InnoDB DEFAULT CHARSET=utf8 AUTO_INCREMENT=1 ;

-- --------------------------------------------------------

--
-- Table structure for table `Orders`
--

CREATE TABLE IF NOT EXISTS `Orders` (
  `id` int(11) NOT NULL AUTO_INCREMENT,
  `id_user` int(11) NOT NULL,
  `status` int(11) NOT NULL,
  `creation_date` timestamp NOT NULL DEFAULT CURRENT_TIMESTAMP ON UPDATE CURRENT_TIMESTAMP,
  `payment_method` varchar(100) NOT NULL,
  `amount` float NOT NULL,
  `adress_street` varchar(100) NOT NULL,
  `adress_local` varchar(100) NOT NULL,
  `postal_code` varchar(100) NOT NULL,
  `adress_city` varchar(100) NOT NULL,
  PRIMARY KEY (`id`),
  KEY `id_user` (`id_user`),
  KEY `status` (`status`)
) ENGINE=InnoDB  DEFAULT CHARSET=utf8 AUTO_INCREMENT=23 ;

--
-- Dumping data for table `Orders`
--

INSERT INTO `Orders` (`id`, `id_user`, `status`, `creation_date`, `payment_method`, `amount`, `adress_street`, `adress_local`, `postal_code`, `adress_city`) VALUES
(1, 2, 2, '2016-12-28 09:57:51', 'Cash', 0, 'Polna', '99', '99-789', 'Pozna?'),
(2, 9, 2, '2016-12-27 12:35:11', 'Cash', 0, '', '', '', ''),
(3, 10, 0, '0000-00-00 00:00:00', 'Cash', 0, '', '', '', ''),
(4, 11, 0, '0000-00-00 00:00:00', 'Cash', 0, '', '', '', ''),
(5, 12, 1, '2016-12-27 11:01:39', '3', 0, 'Bulwar st', '10', '00-888', 'New Jork'),
(9, 12, 2, '2016-12-27 14:10:23', '2', 0, 'Bulwar st', '10', '00-888', 'New Jork'),
(10, 12, 0, '2016-12-27 11:30:20', '', 0, '', '', '', ''),
(11, 13, 1, '2016-12-27 13:34:31', '3', 0, 'Main St', '1067b', '00-876', 'New Jork'),
(12, 13, 1, '2016-12-27 13:37:38', '3', 0, 'Main St', '1067b', '00-876', 'New Jork'),
(13, 13, 1, '2016-12-27 14:08:41', '2', 0, 'Main St', '1067b', '00-876', 'New Jork'),
(14, 13, 1, '2016-12-27 14:26:18', '2', 0, 'Main St', '1067b', '00-876', 'New Jork'),
(15, 13, 2, '2016-12-28 10:21:29', '2', 678.78, 'Main St', '1067b', '00-876', 'New Jork'),
(16, 14, 0, '2016-12-28 07:36:04', 'Cash', 0, '', '', '', ''),
(17, 13, 1, '2016-12-28 17:46:03', '2', 5185.45, 'Main Street', '1067b', '00-876', 'New Jork'),
(18, 15, 1, '2016-12-28 12:10:25', '2', 1471, 'Fawn Lane', '10', '60-451', 'New Lenox 2'),
(19, 15, 1, '2016-12-28 13:03:49', '2', 4670.1, 'Fawn Lane', '10', '60-451', 'New Lenox'),
(20, 15, 0, '2016-12-28 13:11:29', '', 1023, '', '', '', ''),
(21, 13, 1, '2016-12-28 18:22:03', '2', 16727.9, 'Main St', '1067b', '00-876', 'New Jork'),
(22, 13, 0, '2016-12-28 18:22:03', '', 0, '', '', '', '');

-- --------------------------------------------------------

--
-- Table structure for table `Photos`
--

CREATE TABLE IF NOT EXISTS `Photos` (
  `id` int(11) NOT NULL AUTO_INCREMENT,
  `id_product` int(11) NOT NULL,
  `path` text NOT NULL,
  PRIMARY KEY (`id`)
) ENGINE=InnoDB DEFAULT CHARSET=utf8 AUTO_INCREMENT=1 ;

-- --------------------------------------------------------

--
-- Table structure for table `Product`
--

CREATE TABLE IF NOT EXISTS `Product` (
  `id` int(11) NOT NULL AUTO_INCREMENT,
  `id_group` int(11) NOT NULL,
  `name` varchar(255) NOT NULL,
  `price` float NOT NULL,
  `description` text NOT NULL,
  `availability` int(11) NOT NULL,
  PRIMARY KEY (`id`),
  KEY `id_group` (`id_group`)
) ENGINE=InnoDB  DEFAULT CHARSET=utf8 AUTO_INCREMENT=11 ;

--
-- Dumping data for table `Product`
--

INSERT INTO `Product` (`id`, `id_group`, `name`, `price`, `description`, `availability`) VALUES
(1, 10, 'Płyta MSI H81', 561.67, 'Płyta główna, świetna i nowa i jest kosa.', 1),
(2, 12, 'AEC 17 cali', 550.68, 'Super monitor gamingowy. Wysoki kontrast i rozdzielczość', 0),
(3, 14, 'Komputer Acer', 341, 'Bardzo wydajny komputer z wieloma fajnymi podzespołami', 66),
(4, 14, 'MSI GAMING COMPUTER ', 105.98, 'MSI to jeden z największych i najbardziej znanych na świecie producentów sprzętu dla graczy. W swojej ofercie posiada rozwiązania przeznaczone dla mniej zaawansowanych użytkowników, jak również sprzęt dla prawdziwych profesjonalistów. Jako jeden z niewielu producentów na świecie, oprócz klasycznych komputerów stacjonarnych, MSI oferuje także zaprojektowane specjalnie dla graczy komputery All-in-One.', 100),
(5, 14, 'MSI GAMING COMPUTER ', 10258.9, 'MSI to jeden z największych i najbardziej znanych na świecie producentów sprzętu dla graczy. W swojej ofercie posiada rozwiązania przeznaczone dla mniej zaawansowanych użytkowników, jak również sprzęt dla prawdziwych profesjonalistów. Jako jeden z niewielu producentów na świecie, oprócz klasycznych komputerów stacjonarnych, MSI oferuje także zaprojektowane specjalnie dla graczy komputery All-in-One.', 0),
(6, 14, 'Acer Predator i7 - 4', 5231.99, 'cer Predator 17 to zaawansowany technologicznie laptop dla wymagających graczy. Jego nieprzeciętna stylistyka inspirowana była, jak podaje producent, wyobrażeniem międzygalaktycznych krążowników - ostre linie i kąty, agresywne elementy i specjalnie zaprojektowany system chłodzenia wpływają na efektowny wygląd notebooka. \r\n\r\nAcer Predator 17 został wyposażony w bardzo mocne procesory Intel Core i7 oraz karty graficzne nVidia GeForce GTX, dzięki którym rozgrywka oraz oprawa wizualna zawsze stoją na najwyższym poziomie. Dostępne są modele z ekranami Full HD, jak również 4K. Całość uzupełnia oprogramowanie Predator, podświetlana klawiatura oraz obsługa technologii nVidia G-Sync. Ciekawostką jest także specjalny system Dust Defender czyszczący co jakiś czas przewody wentylacyjne laptopa z kurzu.', 10),
(7, 12, 'Monitor Acer', 789, 'Podstawowe cechy:\r\nProporcje wymiarów matrycy: 16:9\r\nRozdzielczość: 1920 x 1080\r\nWbudowane głośniki: Nie\r\nPrzekątna ekranu [cal]: 21.5\r\nPodstawowe złącza: Cyfrowe (DVI), Cyfrowe (HDMI), Analogowe (D-Sub)', 1),
(8, 16, 'Palit gtx 1050', 678.78, 'hsffhsjkfhjksmgcsdc\r\nfgddfg\r\nsgdf\r\ngdf\r\n\r\ngdf\r\ngdfsg\r\nfd\r\ngdf\r\ndgf\r\nsgdf\r\ng\r\ng\r\n\r\nfg', 64),
(9, 12, 'Monitor LCD Eizo Col', 1005.99, 'Wbudowany czujnik do autokorekcji Do przeprowadzenia pierwszej kalibracji monitora konieczny jest zewnętrzny kalibrator, natomiast wbudowany w ColorEdge CS230 czujnik wraz z dostępnym opcjonalnie oprogramowaniem ColorNavigator czuwa nad tym, aby wybrane ustawienia zachowywane były na tym samym poziomie. Czujnik ukryty jest w górnej części obudowy i wysuwa się tylko wtedy, gdy zgodnie z harmonogramem sporządzonym przez użytkownika, należy dokonać kontroli ustawień. Nawet jeśli monitor jest wyłączony lub nie jest podłączony do komputera, czujnik wysunie się samoczynnie o czasie i dokona samokontroli. Autorski układ ASIC EIZO Wszystkie modele ColorEdge posiadają zaprojektowany przez EIZO układ ASIC (application specific integrated circuit), dostosowany do potrzeb rynku graficznego. Układ korzysta z własnych algorytmów do bardzo dokładnego przetwarzania kolorów, aby precyzyjnie reprodukować poszczególne odcienie. Kontrola równomierności podświetlenia oraz koloru na całej powierzchni matrycy (DUE) Uzyskanie równomiernego podświetlenia oraz jednorodnego koloru na całej powierzchni matrycy było dotychczas niemal niemożliwe w monitorach LCD. Rozwiązaniem tego problemu jest kolejna wersja opracowanego przez inżynierów EIZO układu ASIC (Application Specific Integrated Circuit) dokonująca w czasie rzeczywistym korekt wyświetlanego obrazu tak, aby w monitorach opuszczających fabrykę w Japonii, współczynnik Delta-E opisujący nierównomierność, nie przekroczył wartości 3.   Krzywa gamma regulowana indywidualnie w fabryce   Dokładne odwzorowanie krzywej gamma każdej z barw podstawowych jest warunkiem poprawnego wyświetlania wszystkich kolorów. Monitory EIZO z serii ColorEdge już podczas procesu produkcji mają precyzyjnie dobrane barwy składowe w całym zakresie od 0 do 255 odcienia. Dokonywane jest to poprzez pomiar wartości gamma dla każdego z kolorów podstawowych (Red, Green, Blue) oddzielnie, a następnie przy wykorzystaniu zaszytej w elektronice 16-bitowej tabeli barw Look-Up Table (LUT), wybór najbardziej pasujących 256 odcieni. Jednoczesne wyświetlanie kolorów z palety 10-bitowej Przy podłączeniu poprzez DisplayPort przez złącze sygnałowe możliwe jest dostarczanie do monitora 10-bitowej informacji o kolorze*. Monitor korzystając z 16-bitowej tablicy LUT, przetwarza informację o kolorze z 16-bitową precyzją, co pozwala na uzyskanie bardziej płynnych przejść tonalnych i zmniejszenia Delta-E pomiędzy poszczególnymi punktami. To 64 razy większa precyzja więcej niż w', 141),
(10, 13, 'Płyta MSI Gaming 5', 467.01, 'Podstawowe cechy:\r\nPanel tylny: 4x USB 2.0, 4x USB 3.0, 6x wyjście audio, 1x RJ-45, 1x Przełącznik Clear CMOS, 1x HDMI, 1x DVI-D, 1x PS/2 (klawiatura/mysz), 1x D-Sub (VGA)\r\nStandard płyty: ATX\r\nGniazda pamięci: DDR3\r\nCzęstotliwości pracy pamięci [MHz]: 1333, 1066, 1600, 2000, 1866, 2200, 2133, 2600, 2400, 2800, 2666, 3000, 3100, 3200, 3300\r\nGniazdo procesora: Socket 1150', 98);

-- --------------------------------------------------------

--
-- Table structure for table `Product_orders`
--

CREATE TABLE IF NOT EXISTS `Product_orders` (
  `id` int(11) NOT NULL AUTO_INCREMENT,
  `id_orders` int(11) NOT NULL,
  `id_product` int(11) NOT NULL,
  `quantity` int(11) NOT NULL,
  `real_price` float NOT NULL,
  PRIMARY KEY (`id`),
  KEY `id_orders` (`id_orders`),
  KEY `id_product` (`id_product`)
) ENGINE=InnoDB  DEFAULT CHARSET=utf8 AUTO_INCREMENT=62 ;

--
-- Dumping data for table `Product_orders`
--

INSERT INTO `Product_orders` (`id`, `id_orders`, `id_product`, `quantity`, `real_price`) VALUES
(2, 1, 2, 3, 35),
(3, 1, 6, 6, 5),
(4, 1, 4, 45, 45),
(5, 1, 1, 0, 561.67),
(6, 1, 1, 0, 561.67),
(7, 1, 1, 0, 561.67),
(8, 1, 1, 1, 561.67),
(9, 1, 7, 7, 789),
(10, 1, 7, 1, 789),
(11, 1, 7, 1, 789),
(12, 1, 2, 1, 550.68),
(13, 1, 5, 100, 10258.9),
(14, 1, 5, 89, 10258.9),
(27, 3, 2, 132, 550.68),
(31, 4, 8, 10, 678.78),
(32, 4, 3, 14, 341),
(33, 4, 8, 15, 678.78),
(34, 4, 8, 3, 678.78),
(35, 4, 8, 4, 678.78),
(36, 5, 8, 1, 678.78),
(37, 5, 3, 1, 341),
(38, 5, 7, 1, 789),
(39, 9, 3, 3, 341),
(40, 11, 3, 2, 341),
(41, 12, 8, 1, 678.78),
(43, 13, 6, 3, 5231.99),
(44, 13, 1, 1, 561.67),
(45, 13, 3, 6, 341),
(46, 14, 3, 3, 341),
(47, 14, 1, 7, 561.67),
(49, 15, 8, 1, 678.78),
(50, 18, 7, 1, 789),
(51, 18, 3, 2, 341),
(52, 19, 10, 10, 467.01),
(53, 20, 3, 3, 341),
(56, 17, 8, 1, 678.78),
(57, 17, 7, 3, 789),
(58, 21, 10, 3, 467.01),
(59, 21, 1, 1, 561.67),
(60, 21, 9, 4, 1005.99),
(61, 21, 10, 23, 467.01);

-- --------------------------------------------------------

--
-- Table structure for table `Statuses`
--

CREATE TABLE IF NOT EXISTS `Statuses` (
  `id` int(11) NOT NULL AUTO_INCREMENT,
  `status_name` varchar(100) NOT NULL,
  PRIMARY KEY (`id`),
  UNIQUE KEY `status_name` (`status_name`)
) ENGINE=InnoDB  DEFAULT CHARSET=utf8 AUTO_INCREMENT=4 ;

--
-- Dumping data for table `Statuses`
--

INSERT INTO `Statuses` (`id`, `status_name`) VALUES
(0, 'oczekujace'),
(2, 'oplacone'),
(1, 'zlozone'),
(3, 'zrealizowane');

-- --------------------------------------------------------

--
-- Table structure for table `Users`
--

CREATE TABLE IF NOT EXISTS `Users` (
  `id` int(11) NOT NULL AUTO_INCREMENT,
  `name` varchar(100) NOT NULL,
  `surname` varchar(100) NOT NULL,
  `hashed_password` varchar(255) NOT NULL,
  `email` varchar(255) NOT NULL,
  `adress_street` varchar(255) NOT NULL,
  `adress_local` varchar(20) NOT NULL,
  `postal_code` varchar(20) NOT NULL,
  `adress_city` varchar(100) NOT NULL,
  PRIMARY KEY (`id`),
  UNIQUE KEY `email` (`email`)
) ENGINE=InnoDB  DEFAULT CHARSET=utf8 AUTO_INCREMENT=16 ;

--
-- Dumping data for table `Users`
--

INSERT INTO `Users` (`id`, `name`, `surname`, `hashed_password`, `email`, `adress_street`, `adress_local`, `postal_code`, `adress_city`) VALUES
(2, 'Karol', 'Kamil', '$2y$10$u2w3q9.yWVirbzN9WWD2jOBqi2EKxrrpnUQi69EQcy8kE/MM2fQuq', 'user@user.pl', 'Polna', '96', '96-200', 'Rawa'),
(3, 'Cezary', 'Pazura', '$2y$10$O7nnRdhnuUdsdmWt7Q90Z.1imLvNgYAkgp0CiDBph6jtKRy1xjD5K', '', 'Mała', '10b/56', '99-100', 'Warszawa'),
(4, 'Janusz', 'Handlarz', '$2y$10$tw74Uo0gqvuTnAFbK/G8P.px4hWMRhB7KOIVOgW00rxuiGgC9nrdK', 'user2@user.pl', 'Polska', '77', '89-547', 'Iłk'),
(5, 'aaaaaa', 'aaaaaa', '$2y$10$Q8NCOzXWvzYPdDRZjfoXzue8VmKr/IE3.uLIpOYIn6WkBV4GfChZy', 'aa@aa.pl', 'aaaaaa', '1', '11-111', 'aaaaaa'),
(6, 'aaaaaa', 'aaaaaa', '$2y$10$RL.IkMIQzuVufUyTrFtxsuovXxoWSGUUQvBedWbiz0wqFmuSVkX82', 'aaa@aa.pl', 'aaaaaa', '1', '11-111', 'aaaaaa'),
(7, 'aaaaaa aaaaaa', 'aaaaaa', '$2y$10$W0VROu18KpJJWSS9iimobuZGqfMjbHgifL9YUflxXzXHrD4cs.V2K', 'aa@aa.pl2', 'aaaaaa', '12', '11-111', 'aaaaaa'),
(8, 'aaaaaa aaaaaa', 'aaaaaa', '$2y$10$6Hek6JvB2BXtSaiRP2Ngu.xvBSl1GcAoRB7aHeR9uyqLxeQiDI7IO', 'aa@aa.pl3', 'aaaaaa', '33', '11-111', 'aaaaaa'),
(9, 'aaaaaa aaaaaa', 'aaaaaa', '$2y$10$M033CBpRei7QWEND.o0AU.l.iNvqYtdqsfYqabBbH887LcrB7.wh6', 'aa@aa.pl25', 'aaaaaa', '122', '11-111', 'aaaaaa'),
(10, 'Ania', 'Alka', '$2y$10$Cj24JVHhv1ON9flDMR8KLe/CkVxKZDtPp9grWkV9kppm.TrKT3vVW', 'test1@te.pl', 'Polna', '1', '22-222', 'Polka'),
(11, 'Michał', 'Betaa', '$2y$10$xicx7GMLDZzF7Epb0wegtuHYAPu4bT6m3LEBGam8sfH16VYFfHbqm', 'michal@pl.pl', 'Polna', '87/67b', '99-521', 'Warszawa'),
(12, 'Angelina', 'Joe', '$2y$10$Tr35l0Tjtf44qXSWvrfqRuFHm9Wo.vThvWZAwddwdnCz09OE6bXvG', 'angelina@wp.pl', 'Bulwar st', '10', '00-888', 'New Jork'),
(13, 'Vera', 'Farminga', '$2y$10$agBjkkFL5xrOZ.ZC2kjlYO/iW0b/v47YW7eP/q1gvVZ4zXnieRFUm', 'vera@wp.pl', 'Main St', '1067b', '00-876', 'New Jork'),
(14, 'Katy', 'Perry', '$2y$10$MCM87GJ7tisJtpJkFrwQ4O5wwk082dUmSFANQPUTYI5XY9u9.wksy', 'katy@wp.pl', 'Washington St', '89/25l', '99-998', 'Washington DC'),
(15, 'Natalie', 'Dorman', '$2y$10$/q0PfdWsTuNUAi5HJf0SX./RGSq05V6oo2Z0eAzXPiRIlsulH4e4e', 'natalie@wp.pl', 'Fawn Lane', '10', '60-451', 'New Lenox');

--
-- Constraints for dumped tables
--

--
-- Constraints for table `Messages`
--
ALTER TABLE `Messages`
  ADD CONSTRAINT `Messages_ibfk_1` FOREIGN KEY (`id_sender`) REFERENCES `Admin` (`id`),
  ADD CONSTRAINT `Messages_ibfk_2` FOREIGN KEY (`id_receiver`) REFERENCES `Users` (`id`);

--
-- Constraints for table `Orders`
--
ALTER TABLE `Orders`
  ADD CONSTRAINT `Orders_ibfk_1` FOREIGN KEY (`id_user`) REFERENCES `Users` (`id`);

--
-- Constraints for table `Product`
--
ALTER TABLE `Product`
  ADD CONSTRAINT `Product_ibfk_1` FOREIGN KEY (`id_group`) REFERENCES `Groups` (`id`) ON DELETE CASCADE;

--
-- Constraints for table `Product_orders`
--
ALTER TABLE `Product_orders`
  ADD CONSTRAINT `Product_orders_ibfk_1` FOREIGN KEY (`id_orders`) REFERENCES `Orders` (`id`),
  ADD CONSTRAINT `Product_orders_ibfk_2` FOREIGN KEY (`id_product`) REFERENCES `Product` (`id`);

/*!40101 SET CHARACTER_SET_CLIENT=@OLD_CHARACTER_SET_CLIENT */;
/*!40101 SET CHARACTER_SET_RESULTS=@OLD_CHARACTER_SET_RESULTS */;
/*!40101 SET COLLATION_CONNECTION=@OLD_COLLATION_CONNECTION */;
